<?xml version="1.0" encoding="UTF-8" ?>

<!DOCTYPE mapper PUBLIC "-//mybatis.org//DTD Mapper 3.0//EN" 
   "http://mybatis.org/dtd/mybatis-3-mapper.dtd">


<mapper namespace="lectureNS"> <!-- 모든 강의 정보 입력 -->
	<insert id="insertLecture" parameterType="Lecture">
		insert into alllectures
		(sequence_num, s_code, s_name, s_type, year,
		semester, p_name, g_unit,
		c_division)
		values(
		sequence_num.nextval,
		#{s_code},
		#{s_name},
		#{s_type},
		#{year},
		#{semester},
		#{p_name},
		#{g_unit},
		#{c_division}
		)
	</insert>

	<!-- 년도, 학기, 교수이름, 강의명으로 검색 -->
	<select id="selectSearchList" resultType="Lecture"
		parameterType="hashmap">
		select * from alllectures where year = #{year} and
		semester = #{semester}
		and (s_name like #{search_value} or p_name like
		#{search_value})
	</select>

	<select id="searchBySequence" resultType="Lecture"
		parameterType="_int">
		select * from alllectures where sequence_num =
		#{value}
	</select>

	<!-- 다섯가지 식별자를 주고 시퀀스 번호를 받음 -->
	<select id="searchBy5Info" resultType="int" parameterType="Lecture">
		select SEQUENCE_NUM from alllectures where year = #{year} and semester
		= #{semester}
		and s_code like #{s_code} and p_name like #{p_name} and
		c_division =
		#{c_division}
	</select>

	<!-- 내가 들은 강의를 받아올때마다 학교에서 평가한 강의 평균점수를 추가함 -->
	<update id="updateAvgGrade" parameterType="Lecture">
		UPDATE alllectures set
		AVG_EVALUATION = #{avg_evaluation}
		where SEQUENCE_NUM = #{sequence_num}
	</update>

	<!-- 내가 들은 강의를 테이블에 저장함 -->
	<insert id="addSeqAndId" parameterType="hashmap">
		INSERT INTO SILectures
		VALUES (#{sequence_num},#{user_id})
	</insert>

	<!-- 내가 수강한 강의 및 글 목록 조회 -->
	<select id="getMyInfoList" resultType="Lecture" parameterType="string">
		select * from alllectures
		where sequence_num in(
		select sequence_num
		from silectures
		where member_id=#{value})
	</select>

	<!-- 강의정보 업데이트 -->
	<update id="updateAllLectures" parameterType="Lecture">
		UPDATE alllectures set
		AVG_PASSION =#{avg_passion},
		AVG_COMMUNICATION =#{avg_communication},
		AVG_FAIRNESS=#{avg_fairness},
		AVG_BENEFIT =#{avg_benefit},
		AVG_EVALUATION = #{avg_evaluation},
		EVAL_COUNT = #{eval_count}
		where SEQUENCE_NUM = #{sequence_num}
	</update>
	
</mapper>
 