<?xml version="1.0" encoding="UTF-8" ?>

<!DOCTYPE mapper PUBLIC "-//mybatis.org//DTD Mapper 3.0//EN" 
	"http://mybatis.org/dtd/mybatis-3-mapper.dtd">

<mapper namespace="memberNS">

	<!-- 회원가입 -->
	<insert id="insertMember" parameterType="Member">
		insert into members
		values(
		#{member_id},
		#{member_pw},
		#{member_name},
		#{member_email}
		)
	</insert>


	<!-- 로그인한 멤버 구하기 -->
	<select id="selectLoginMember" resultType="Member"
		parameterType="hashmap">
		select * from members where member_id = #{member_id} and
		member_pw = #{member_pw}
	</select>



	<!-- 회원정보 수정하기 -->
	<update id="updateMember" parameterType="Member">
		update members set
		member_pw = #{member_pw},
		member_name = #{member_name},
		member_email =
		#{member_email}
		where member_id = #{member_id}
	</update>


	<select id="selectMemberById" parameterType="string" resultType="Member">
		select * from members where member_id=#{value}
	</select>

	<!-- 아이디 중복 검사 하기 -->
	<select id="checkById" resultType="Member" parameterType="String">
		select
		* from members where member_id = #{value}
	</select>



	<select id="selectMemberList" resultType="Member">
		select * from members
		order by member_id
	</select>


	<delete id="deleteMember" parameterType="string">
		delete from members
		where u_id = #{value}
	</delete>



</mapper>
 
 
 
 
 
 
 
 
 
 
 
 
 
 
 
 
 
 
 
 
 
 
 
 
 
 
 
 
 
 
 
 